id,date_published,accident_datetime,accident_severity,total_injured,city,street,accident_time_category,driver_under_18,driver_18_to_24,driver_25_to_49,driver_50_to_64,driver_65_plus,driver_age_unknown,num_drivers_under_18,num_drivers_18_to_24,num_drivers_25_to_49,num_drivers_50_to_64,num_drivers_65_plus,num_drivers_age_unknown,driver_male,driver_female,driver_gender_unknown,num_drivers_male,num_drivers_female,num_drivers_gender_unknown,num_drivers_total,vehicle_unknown,vehicle_pedestrian,vehicle_bicycle,vehicle_motorbike,vehicle_car,vehicle_van,vehicle_bus,num_vehicle_unknown,num_vehicle_pedestrian,num_vehicle_bicycle,num_vehicle_motorbike,num_vehicle_car,num_vehicle_van,num_vehicle_bus,is_weekend,is_public_holiday_mt,is_school_holiday_mt,is_school_day_mt,street_type,region,temperature_max,temperature_min,temperature_mean,precipitation_sum,windspeed_max,is_raining,traffic_level,accident_year,accident_month,accident_day_of_week,accident_hour
article_495320.0,30/09/2025,2024-03-19 00:00:00,not injured,0,birkirkara,naxxar road,night,False,False,False,False,False,True,0,0,0,0,0,1,False,True,False,0,1,0,1,False,False,False,False,True,False,False,0,0,0,0,1,0,0,False,True,False,False,primary,Central,19.8,12.1,16.0,0.0,20.9,False,LOW,2024,3,1,0
article_495942.0,06/10/2025,2024-09-23 00:00:00,not injured,0,san pawl il bahar,triq censu tabone,night,False,False,True,False,False,True,0,0,1,0,0,1,True,False,False,2,0,0,2,False,False,False,True,True,False,False,0,0,0,1,1,0,0,False,False,False,True,residential,Northern,26.5,20.8,23.5,7.3,22.7,True,LOW,2024,9,0,0
article_4208.0,07/12/2024,2024-12-04 17:00:00,not injured,0,st julian,regional road,afternoon,False,False,False,False,True,True,0,0,0,0,1,1,True,False,True,1,0,1,2,False,False,False,False,True,False,False,0,0,0,0,2,0,0,False,False,False,True,trunk,Northern,19.5,14.7,17.6,1.1,21.9,True,MODERATE,2024,12,2,17
release_83,11/12/2024,2024-12-11 11:15:00,grievious,1,naxxar,triq ernle bradford,morning,False,False,True,False,False,False,0,0,1,0,0,0,False,True,False,0,1,0,1,False,False,False,False,True,False,False,0,0,0,0,1,0,0,False,False,False,True,residential,Northern,18.0,12.1,14.9,0.0,9.9,False,LOW,2024,12,2,11
article_4024.0,17/12/2024,2024-12-11 17:00:00,fatal,1,san pawl il bahar,xemxija bypass,afternoon,False,False,False,True,False,False,0,0,0,1,0,0,True,False,False,1,0,0,1,False,False,False,True,False,False,False,0,0,0,1,0,0,0,False,False,False,True,trunk,Northern,18.4,12.5,15.4,0.0,9.9,False,LOW,2024,12,2,17
release_91,14/12/2024,2024-12-13 17:30:00,serious,1,mellieha,triq il-marfa,afternoon,False,False,False,True,False,False,0,0,0,1,0,0,True,False,False,1,0,0,1,False,False,False,False,True,False,False,0,0,0,0,1,0,0,False,True,True,False,trunk,Northern,20.9,18.4,19.5,0.0,28.4,False,LOW,2024,12,4,17
release_22,14/12/2024,2024-12-13 19:45:00,serious,1,gudja,dawret il-gudja,evening,False,False,False,True,False,True,0,0,0,1,0,1,True,False,True,1,0,1,2,False,False,False,False,True,False,False,0,0,0,0,2,0,0,False,True,True,False,primary,South Eastern,20.3,17.8,19.0,0.0,28.2,False,LOW,2024,12,4,19
article_4049.0,16/12/2024,2024-12-15 20:30:00,serious,1,xewkija,triq l-imgarr,evening,False,False,True,False,True,False,0,0,1,0,1,0,True,True,False,1,1,0,2,False,False,False,True,True,False,False,0,0,0,1,1,0,0,True,False,False,False,secondary,Gozo,17.9,13.8,16.2,4.3,41.7,True,LOW,2024,12,6,20
article_4014.0,17/12/2024,2024-12-17 14:15:00,slight,4,siggiewi,triq mons mikiel azzopardi,afternoon,False,False,True,True,False,False,0,0,1,1,0,0,True,False,False,2,0,0,2,False,False,False,False,False,True,False,0,0,0,0,0,2,0,False,False,False,True,residential,Central,16.4,12.4,14.3,0.0,19.2,False,LOW,2024,12,1,14
article_3989.0,19/12/2024,2024-12-19 00:00:00,not injured,0,blata l-bajda,triq dicembru tlettax,night,False,False,False,False,False,True,0,0,0,0,0,2,False,False,True,0,0,2,2,False,False,False,False,True,False,True,0,0,0,0,1,0,1,False,False,False,True,trunk,Central,17.1,14.9,15.9,0.0,23.7,False,LOW,2024,12,3,0
release_63,19/12/2024,2024-12-19 08:15:00,grievious,1,balzan,triq il-kannizzata,morning,False,True,False,False,False,False,0,1,0,0,0,0,False,True,False,0,1,0,1,False,False,False,False,True,False,False,0,0,0,0,1,0,0,False,False,False,True,residential,Central,17.1,14.9,16.0,0.4,25.4,True,LOW,2024,12,3,8
release_108,19/12/2024,2024-12-19 10:45:00,serious,1,naxxar,triq il-germanja,morning,False,False,False,False,True,False,0,0,0,0,1,0,False,True,False,0,1,0,1,False,False,False,False,True,False,False,0,0,0,0,1,0,0,False,False,False,True,residential,Northern,17.1,14.9,16.0,0.4,25.4,True,MODERATE,2024,12,3,10
article_3991.0,20/12/2024,2024-12-20 00:00:00,serious,1,naxxar,coast road,night,False,False,True,False,False,False,0,0,1,0,0,0,False,True,False,0,1,0,1,False,False,False,True,False,False,False,0,0,0,1,0,0,0,False,False,False,True,trunk,Northern,19.2,13.4,17.0,0.8,47.7,True,LOW,2024,12,4,0
article_3976.0,20/12/2024,2024-12-20 11:30:00,serious,1,birkirkara,triq in-naxxar,morning,False,False,True,False,True,False,0,0,1,0,1,0,True,True,False,1,1,0,2,False,True,False,False,True,False,False,0,1,0,0,1,0,0,False,False,False,True,primary,Central,18.9,13.1,16.8,0.8,47.7,True,LOW,2024,12,4,11
article_3976.5,20/12/2024,2024-12-20 11:45:00,serious,1,sliema,triq san gwann,morning,True,False,True,False,False,False,1,0,1,0,0,0,True,False,True,1,0,1,2,False,True,False,False,True,False,False,0,1,0,0,1,0,0,False,False,False,True,residential,Northern,19.0,13.2,16.5,0.4,43.3,True,LOW,2024,12,4,11
release_68,22/12/2024,2024-12-22 09:30:00,serious,2,naxxar,triq is-salina,morning,False,False,True,False,False,False,0,0,4,0,0,0,True,True,False,3,1,0,4,False,False,False,True,True,False,False,0,0,0,3,1,0,0,True,False,False,False,secondary,Northern,15.7,13.3,14.5,1.4,30.8,True,LOW,2024,12,6,9
article_3704.0,08/01/2025,2024-12-22 10:15:00,grievious,2,mtarfa,triq sir philip pullicino,morning,True,False,True,False,False,False,1,0,1,0,0,0,True,True,False,1,1,0,2,False,False,True,False,True,False,False,0,0,1,0,1,0,0,True,False,False,False,residential,Central,14.9,12.5,13.7,1.4,30.8,True,LOW,2024,12,6,10
article_3910.0,24/12/2024,2024-12-23 10:30:00,fatal,2,msida,regional road,morning,False,False,True,False,False,False,0,0,2,0,0,0,True,True,False,1,1,0,2,False,False,False,False,False,True,True,0,0,0,0,0,1,1,False,False,True,False,trunk,Central,16.8,10.4,14.0,3.2,42.8,True,LOW,2024,12,0,10
release_59,26/12/2024,2024-12-25 15:30:00,grievious,1,st julian,triq mikiel anton vassalli,afternoon,False,False,True,False,False,False,0,0,1,0,0,0,True,False,False,1,0,0,1,False,False,False,False,True,False,False,0,0,0,0,1,0,0,False,True,True,False,trunk,Northern,13.4,11.4,12.2,0.7,30.2,True,HEAVY,2024,12,2,15
release_25,27/12/2024,2024-12-27 07:45:00,grievious,1,marsa,triq dicembru tlettax,early_morning,False,False,True,False,False,False,0,0,1,0,0,0,True,False,False,1,0,0,1,False,False,False,False,True,False,False,0,0,0,0,1,0,0,False,False,True,False,trunk,Southern Harbour,15.4,12.3,13.9,4.2,23.8,True,LOW,2024,12,4,7
article_3900.0,27/12/2024,2024-12-27 11:30:00,serious,1,zejtun,triq il-hotba,morning,False,False,True,True,False,False,0,0,1,1,0,0,True,True,False,1,1,0,2,False,False,False,True,False,True,False,0,0,0,1,0,1,0,False,False,True,False,residential,South Eastern,15.4,12.3,13.9,4.2,23.8,True,LOW,2024,12,4,11
release_56,27/12/2024,2024-12-27 12:00:00,grievious,1,zejtun,triq il-hotba,morning,False,False,True,True,False,False,0,0,1,1,0,0,True,True,False,1,1,0,2,False,False,False,True,False,True,False,0,0,0,1,0,1,0,False,False,True,False,residential,South Eastern,15.4,12.3,13.9,4.2,23.8,True,LOW,2024,12,4,12
release_10,28/12/2024,2024-12-28 09:15:00,grievious,9,zabbar,st james square,morning,False,False,False,False,True,False,0,0,0,0,1,0,True,False,False,1,0,0,1,True,False,False,False,False,False,False,1,0,0,0,0,0,0,True,False,True,False,residential,Southern Harbour,16.0,13.2,14.3,0.2,13.2,True,LOW,2024,12,5,9
article_3766.0,05/01/2025,2025-01-05 07:00:00,grievious,3,birkirkara,triq dun karm,early_morning,False,False,True,False,True,False,0,0,1,0,1,0,True,False,False,2,0,0,2,False,False,False,False,True,False,False,0,0,0,0,2,0,0,True,False,True,False,trunk,Central,17.0,14.2,15.3,0.0,17.2,False,LOW,2025,1,6,7
release_84,07/01/2025,2025-01-06 20:00:00,fatal,2,fgura,triq hompesch,evening,False,True,False,False,False,False,0,2,0,0,0,0,False,True,False,0,2,0,2,False,False,False,False,False,True,False,0,0,0,0,0,2,0,False,False,True,False,primary,South Eastern,18.4,13.9,16.2,0.0,22.5,False,LOW,2025,1,0,20
article_3699.0,08/01/2025,2025-01-06 21:00:00,fatal,1,attard,triq l-imdina,evening,False,False,True,False,False,False,0,0,1,0,0,0,True,False,False,1,0,0,1,False,False,False,False,True,False,False,0,0,0,0,1,0,0,False,False,True,False,trunk,Central,18.1,14.8,16.3,0.0,23.8,False,LOW,2025,1,0,21
release_27,07/01/2025,2025-01-06 21:20:00,fatal,1,attard,triq l-imdina,late_evening,False,False,True,False,False,False,0,0,1,0,0,0,True,False,False,1,0,0,1,False,False,False,False,True,False,False,0,0,0,0,1,0,0,False,False,True,False,trunk,Central,18.1,14.8,16.3,0.0,23.8,False,LOW,2025,1,0,21
article_3671.0,09/01/2025,2025-01-09 11:00:00,grievious,2,rabat,triq gheriexem,morning,False,False,False,True,False,False,0,0,0,1,0,0,False,True,False,0,1,0,1,False,False,False,False,True,False,False,0,0,0,0,1,0,0,False,False,False,True,secondary,Central,16.8,12.8,14.5,0.0,17.8,False,MODERATE,2025,1,3,11
article_3601.0,15/01/2025,2025-01-15 07:45:00,serious,1,marsa,triq anton cassar,early_morning,False,True,False,False,False,False,0,1,0,0,0,0,True,False,False,1,0,0,1,False,False,False,True,False,False,False,0,0,0,1,0,0,0,False,False,False,True,residential,Southern Harbour,14.3,10.0,12.3,3.3,27.9,True,LOW,2025,1,2,7
release_800,15/01/2025,2025-01-15 07:45:00,grievious,1,zejtun,triq tal-barrani,early_morning,False,False,True,False,False,False,0,0,1,0,0,0,True,False,False,1,0,0,1,False,False,False,True,False,False,False,0,0,0,1,0,0,0,False,False,False,True,secondary,South Eastern,14.3,10.0,12.3,3.3,27.9,True,HEAVY,2025,1,2,7
article_3586.0,15/01/2025,2025-01-15 16:45:00,serious,1,sliema,triq guze howard,afternoon,False,False,True,True,False,False,0,0,1,1,0,0,True,False,False,2,0,0,2,False,True,False,False,True,False,False,0,1,0,0,1,0,0,False,False,False,True,residential,Northern,14.3,10.0,12.3,3.3,27.9,True,LOW,2025,1,2,16
release_88,15/01/2025,2025-01-15 19:30:00,grievious,1,zurrieq,blue grotto avenue,evening,False,True,False,False,False,False,0,1,0,0,0,0,True,False,False,1,0,0,1,False,False,False,False,True,False,False,0,0,0,0,1,0,0,False,False,False,True,secondary,South Eastern,14.0,9.4,11.8,1.5,26.6,True,LOW,2025,1,2,19
article_3551.0,16/01/2025,2025-01-16 10:15:00,serious,1,naxxar,triq il-fortizza tal-mosta,morning,False,False,True,False,False,False,0,0,2,0,0,0,True,True,False,1,1,0,2,False,False,False,True,True,False,False,0,0,0,1,1,0,0,False,False,False,True,secondary,Northern,15.2,9.0,12.0,4.2,19.6,True,LOW,2025,1,3,10
article_102356.0,14/07/2025,2025-01-20 00:00:00,not injured,0,san pawl il bahar,triq it-turisti,night,False,False,True,False,False,True,0,0,1,0,0,1,True,False,True,1,0,1,2,False,False,False,False,True,True,False,0,0,0,0,1,1,0,False,False,False,True,secondary,Northern,17.0,12.2,14.5,0.4,16.6,True,LOW,2025,1,0,0
release_105,23/01/2025,2025-01-22 18:00:00,grievious,1,sliema,triq rodolfu,afternoon,False,False,True,True,False,False,0,0,1,1,0,0,True,False,False,2,0,0,2,False,False,False,True,True,False,False,0,0,0,1,1,0,0,False,False,False,True,tertiary,Northern,17.9,12.2,15.0,0.0,13.5,False,LOW,2025,1,2,18
release_40,24/01/2025,2025-01-23 20:15:00,fatal,1,msida,triq mikiel anton vassalli,evening,False,False,True,False,False,False,0,0,1,0,0,0,True,False,False,1,0,0,1,False,False,False,True,False,False,False,0,0,0,1,0,0,0,False,False,False,True,trunk,Central,18.8,14.8,16.4,0.0,22.0,False,LOW,2025,1,3,20
article_3408.0,25/01/2025,2025-01-25 13:00:00,serious,1,naxxar,coast road,afternoon,False,False,True,False,False,True,0,0,1,0,0,1,True,False,True,1,0,1,2,False,False,False,True,True,False,False,0,0,0,1,1,0,0,True,False,False,False,trunk,Northern,17.9,12.2,14.9,0.0,16.9,False,LOW,2025,1,5,13
release_54,26/01/2025,2025-01-25 14:30:00,grievious,2,naxxar,coast road,afternoon,False,False,True,False,False,False,0,0,2,0,0,0,True,False,False,2,0,0,2,False,False,False,True,True,False,False,0,0,0,1,1,0,0,True,False,False,False,trunk,Northern,17.9,12.2,14.9,0.0,16.9,False,LOW,2025,1,5,14
release_47,01/02/2025,2025-02-01 05:00:00,grievious,1,luqa,hal farrug street,night,False,False,True,False,False,False,0,0,1,0,0,0,True,False,False,1,0,0,1,False,False,False,False,True,False,False,0,0,0,0,1,0,0,True,False,False,False,secondary,South Eastern,16.9,14.2,15.5,2.1,30.0,True,LOW,2025,2,5,5
release_470,01/02/2025,2025-02-01 12:45:00,grievious,1,gzira,rue d'argens,afternoon,False,False,True,True,False,False,0,0,1,1,0,0,True,False,False,2,0,0,2,False,False,False,True,True,False,False,0,0,0,1,1,0,0,True,False,False,False,secondary,Southern Harbour,17.1,14.4,15.8,2.1,30.0,True,LOW,2025,2,5,12
release_79,04/02/2025,2025-02-03 19:00:00,grievious,1,paola,triq il-palma,evening,False,False,True,False,False,False,0,0,1,0,0,0,True,False,False,1,0,0,1,False,False,False,False,True,False,False,0,0,0,0,1,0,0,False,False,False,True,tertiary,Southern Harbour,15.0,11.4,13.1,0.5,13.7,True,LOW,2025,2,0,19
article_3197.0,04/02/2025,2025-02-04 11:30:00,serious,2,zejtun,triq alfredo cachia zammit,morning,False,False,False,True,True,False,0,0,0,1,1,0,True,True,False,1,1,0,2,False,False,False,True,True,False,False,0,0,0,1,1,0,0,False,False,False,True,secondary,South Eastern,16.3,11.2,13.3,0.6,7.8,True,MODERATE,2025,2,1,11
release_107,05/02/2025,2025-02-05 09:00:00,grievious,1,attard,vjal l-istadium nazzjonali,morning,False,False,False,True,False,False,0,0,0,1,0,0,True,False,False,1,0,0,1,False,False,False,True,False,False,False,0,0,0,1,0,0,0,False,False,False,True,secondary,Central,15.7,10.6,13.0,0.9,12.6,True,LOW,2025,2,2,9
article_3169.0,06/02/2025,2025-02-06 08:00:00,slight,1,naxxar,triq il-labour,early_morning,False,False,True,False,False,False,0,0,2,0,0,0,True,True,False,1,1,0,2,False,False,False,True,True,False,False,0,0,0,1,1,0,0,False,False,False,True,residential,Northern,15.6,11.7,13.3,0.0,19.4,False,MODERATE,2025,2,3,8
release_100,09/02/2025,2025-02-08 21:00:00,grievious,2,zebbug,triq ir-rabat,evening,False,False,True,False,False,False,0,0,1,0,0,0,True,False,False,1,0,0,1,False,False,False,False,False,True,False,0,0,0,0,0,1,0,True,False,False,False,secondary,Central,14.8,13.8,14.5,22.6,51.4,True,LOW,2025,2,5,21
release_102,09/02/2025,2025-02-09 01:30:00,grievious,3,tarxien,triq is-sorijiet,night,False,False,True,False,False,True,0,0,1,0,0,1,False,True,True,0,1,1,2,False,False,False,False,True,False,False,0,0,0,0,2,0,0,True,False,False,False,residential,Southern Harbour,14.6,12.2,13.3,3.6,21.7,True,LOW,2025,2,6,1
release_43,09/02/2025,2025-02-09 09:45:00,grievious,1,marsascala,triq sant antnin,morning,False,False,False,True,False,False,0,0,0,1,0,0,False,True,False,0,1,0,1,False,False,False,False,True,False,False,0,0,0,0,1,0,0,True,False,False,False,secondary,South Eastern,14.6,12.2,13.3,3.6,21.7,True,LOW,2025,2,6,9
article_3090.0,11/02/2025,2025-02-10 21:00:00,fatal,2,kirkop,luqa road,evening,False,True,False,False,False,False,0,1,0,0,0,0,True,False,False,1,0,0,1,False,False,False,False,True,False,False,0,0,0,0,1,0,0,False,True,True,False,primary,South Eastern,15.6,10.9,13.2,0.3,25.7,True,LOW,2025,2,0,21
article_3001.0,15/02/2025,2025-02-14 23:45:00,grievious,1,iklin,triq il-wied,night,False,False,True,False,False,False,0,0,2,0,0,0,True,True,False,1,1,0,2,False,False,False,True,True,False,False,0,0,0,1,1,0,0,False,False,False,True,residential,Central,17.4,10.4,14.0,10.5,18.9,True,LOW,2025,2,4,23
release_41,15/02/2025,2025-02-15 00:00:00,grievious,1,iklin,valley road,night,False,False,True,False,False,False,0,0,2,0,0,0,True,True,False,1,1,0,2,False,False,False,True,True,False,False,0,0,0,1,1,0,0,True,False,False,False,secondary,Central,16.9,12.9,14.1,2.9,29.4,True,LOW,2025,2,5,0
article_2974.0,16/02/2025,2025-02-16 11:00:00,serious,1,siggiewi,triq il-kilpa,morning,False,False,False,True,False,False,0,0,0,2,0,0,True,False,True,1,0,1,2,False,False,True,False,True,False,False,0,0,1,0,1,0,0,True,False,False,False,residential,Central,15.3,11.4,13.3,1.5,41.5,True,LOW,2025,2,6,11
release_48,17/02/2025,2025-02-17 12:45:00,serious,1,victoria,gorg borg olivier street,afternoon,False,True,False,False,False,False,0,1,0,0,0,0,True,False,False,1,0,0,1,False,False,False,False,True,False,False,0,0,0,0,1,0,0,False,False,False,True,primary,Gozo,14.7,13.7,14.2,0.0,23.4,False,LOW,2025,2,0,12
article_2940.0,17/02/2025,2025-02-17 13:00:00,serious,4,birzebbuga,hal far road,afternoon,False,False,True,False,False,False,0,0,2,0,0,0,True,False,False,2,0,0,2,False,False,False,False,True,True,False,0,0,0,0,1,1,0,False,False,False,True,primary,South Eastern,16.7,11.9,13.8,0.0,13.1,False,LOW,2025,2,0,13
release_42,20/02/2025,2025-02-19 18:00:00,grievious,1,fgura,triq hompesch,afternoon,False,False,True,False,False,False,0,0,2,0,0,0,True,False,False,2,0,0,2,False,False,False,True,True,False,False,0,0,0,1,1,0,0,False,False,False,True,primary,South Eastern,16.4,10.9,13.6,1.4,11.7,True,LOW,2025,2,2,18
release_17,21/02/2025,2025-02-21 07:30:00,grievious,2,paola,triq il-bacir,early_morning,False,False,False,False,True,False,0,0,0,0,1,0,True,False,False,1,0,0,1,False,False,False,False,True,False,False,0,0,0,0,1,0,0,False,False,False,True,residential,Southern Harbour,14.8,12.6,13.4,1.5,17.3,True,LOW,2025,2,4,7
release_19,21/02/2025,2025-02-21 13:30:00,grievious,1,floriana,regional road,afternoon,False,False,True,True,False,False,0,0,1,1,0,0,False,False,True,0,0,2,2,False,False,False,False,True,False,True,0,0,0,0,1,0,1,False,False,False,True,trunk,Southern Harbour,14.8,12.6,13.4,1.5,17.3,True,MODERATE,2025,2,4,13
article_2792.5,25/02/2025,2025-02-24 14:15:00,serious,2,mellieha,triq il-marfa,afternoon,False,False,False,True,False,False,0,0,0,1,0,0,False,True,False,0,1,0,1,False,False,False,False,True,False,False,0,0,0,0,1,0,0,False,False,False,True,trunk,Northern,15.9,10.4,12.9,1.4,10.1,True,LOW,2025,2,0,14
article_2745.0,27/02/2025,2025-02-24 23:45:00,serious,1,hamrun,triq il-kappilan mifsud,night,False,True,False,False,False,True,0,1,0,0,0,1,True,False,True,1,0,1,2,False,False,False,True,False,True,False,0,0,0,1,0,1,0,False,False,False,True,residential,Central,16.0,10.1,12.9,1.3,8.3,True,LOW,2025,2,0,23
article_2666.0,03/03/2025,2025-03-03 07:00:00,serious,1,marsa,aldo moro road,early_morning,False,False,False,False,False,True,0,0,0,0,0,1,True,False,False,1,0,0,1,False,False,False,True,False,False,False,0,0,0,1,0,0,0,False,False,True,False,trunk,Southern Harbour,16.1,13.4,15.0,0.9,28.2,True,LOW,2025,3,0,7
article_2658.0,03/03/2025,2025-03-03 07:00:00,serious,1,xewkija,triq l-imgarr,early_morning,False,False,False,False,True,False,0,0,0,0,1,0,True,False,False,1,0,0,1,False,False,False,False,True,False,False,0,0,0,0,1,0,0,False,False,True,False,secondary,Gozo,15.9,14.5,14.9,0.4,43.8,True,LOW,2025,3,0,7
article_2557.0,09/03/2025,2025-03-08 19:30:00,not injured,0,san pawl il bahar,triq san pawl,evening,False,False,False,True,False,False,0,0,0,1,0,0,False,True,False,0,1,0,1,False,False,False,False,True,False,False,0,0,0,0,1,0,0,True,False,False,False,tertiary,Northern,17.3,13.1,15.1,0.0,18.9,False,LOW,2025,3,5,19
article_2492.0,13/03/2025,2025-03-13 14:45:00,grievious,6,zebbug,triq ir-rabat,afternoon,False,False,True,False,False,False,0,0,2,0,0,0,True,False,False,2,0,0,2,False,False,False,False,True,False,True,0,0,0,0,1,0,1,False,False,False,True,secondary,Central,16.7,15.7,16.2,0.0,24.7,False,LOW,2025,3,3,14
article_2452.0,14/03/2025,2025-03-14 10:00:00,grievious,1,rabat,triq buqana,morning,False,False,True,False,False,False,0,0,1,0,0,0,True,False,False,1,0,0,1,False,False,False,False,False,True,False,0,0,0,0,0,1,0,False,False,False,True,primary,Central,22.1,16.0,19.5,0.0,34.3,False,LOW,2025,3,4,10
article_2461.0,15/03/2025,2025-03-14 22:30:00,slight,3,paola,triq ghajn dwieli,late_evening,False,False,True,False,False,False,0,0,2,0,0,0,True,False,False,2,0,0,2,False,False,False,False,True,False,False,0,0,0,0,2,0,0,False,False,False,True,secondary,Southern Harbour,22.4,16.0,19.5,0.0,32.4,False,LOW,2025,3,4,22
release_11,16/03/2025,2025-03-16 08:00:00,serious,1,naxxar,coast road,early_morning,False,False,True,False,False,False,0,0,1,0,0,0,True,False,False,1,0,0,1,False,False,False,True,False,False,False,0,0,0,1,0,0,0,True,False,False,False,trunk,Northern,17.6,14.6,16.1,0.0,29.1,False,LOW,2025,3,6,8
article_2419.0,16/03/2025,2025-03-16 08:00:00,serious,2,zebbug,vjal il-helsien,early_morning,False,False,False,True,True,False,0,0,0,2,1,0,True,True,False,2,1,0,3,False,True,False,False,True,False,False,0,2,0,0,1,0,0,True,False,False,False,tertiary,Central,17.3,14.3,15.8,0.0,29.1,False,LOW,2025,3,6,8
article_2301.0,22/03/2025,2025-03-22 05:45:00,serious,1,ghajnsielem,triq l-imgarr,night,False,False,True,False,False,False,0,0,2,0,0,0,True,False,False,2,0,0,2,False,False,False,True,False,False,True,0,0,0,1,0,0,1,True,False,False,False,secondary,Gozo,18.6,15.1,16.6,0.0,50.3,False,LOW,2025,3,5,5
article_2259.0,22/03/2025,2025-03-22 13:30:00,serious,1,nadur,triq ir-rabat,afternoon,False,False,True,False,False,False,0,0,2,0,0,0,True,True,False,1,1,0,2,False,False,False,False,True,True,False,0,0,0,0,1,1,0,True,False,False,False,secondary,Gozo,18.7,15.5,16.8,0.0,51.4,False,LOW,2025,3,5,13
article_2201.0,26/03/2025,2025-03-26 00:00:00,not injured,0,siggiewi,triq mons mikiel azzopardi,night,False,False,False,False,False,True,0,0,0,0,0,2,False,False,True,0,0,2,2,False,False,False,True,True,False,False,0,0,0,1,1,0,0,False,False,False,True,residential,Central,16.4,13.8,15.0,24.6,28.0,True,LOW,2025,3,2,0
release_64,28/03/2025,2025-03-28 10:45:00,grievious,1,san gwann,triq tal-balal,morning,False,False,True,False,False,False,0,0,2,0,0,0,True,False,False,2,0,0,2,False,False,True,False,False,True,False,0,0,1,0,0,1,0,False,False,False,True,residential,Central,16.6,13.9,15.1,2.4,37.2,True,LOW,2025,3,4,10
article_2080.0,01/04/2025,2025-04-01 09:00:00,serious,1,naxxar,triq san pawl,morning,False,False,True,False,True,False,0,0,1,0,1,0,True,True,False,1,1,0,2,False,True,False,False,True,False,False,0,1,0,0,1,0,0,False,False,False,True,tertiary,Northern,15.6,11.7,13.7,2.0,39.6,True,MODERATE,2025,4,1,9
release_96,06/04/2025,2025-04-06 08:30:00,serious,1,attard,triq zaghfran,morning,False,True,True,False,False,False,0,1,1,0,0,0,True,True,False,1,1,0,2,False,False,False,True,True,False,False,0,0,0,1,1,0,0,True,False,False,False,trunk,Central,18.5,12.0,15.4,0.4,18.6,True,LOW,2025,4,6,8
release_5,07/04/2025,2025-04-06 20:45:00,grievious,1,rabat,triq il-buqana,evening,False,False,True,False,False,False,0,0,2,0,0,0,True,False,False,2,0,0,2,False,False,False,True,True,False,False,0,0,0,1,1,0,0,True,False,False,False,secondary,Central,17.4,11.0,14.4,0.4,18.6,True,LOW,2025,4,6,20
release_103,13/04/2025,2025-04-13 08:00:00,grievious,1,marsaxlokk,triq marsaxlokk,early_morning,False,False,True,False,False,False,0,0,1,0,0,0,True,False,False,1,0,0,1,False,False,False,False,True,False,False,0,0,0,0,1,0,0,True,False,False,False,secondary,South Eastern,19.6,15.0,17.0,0.0,26.8,False,LOW,2025,4,6,8
article_1856.0,13/04/2025,2025-04-13 15:15:00,serious,6,naxxar,coast road,afternoon,False,False,True,False,True,False,0,0,1,0,1,0,True,False,False,2,0,0,2,False,False,False,False,True,False,True,0,0,0,0,1,0,1,True,False,False,False,trunk,Northern,20.4,15.0,17.4,0.0,28.4,False,LOW,2025,4,6,15
release_76,14/04/2025,2025-04-13 17:45:00,grievious,1,birzebbuga,birzebbuga road,afternoon,False,False,True,False,False,False,0,0,2,0,0,0,True,True,False,1,1,0,2,False,False,False,False,True,False,False,0,0,0,0,2,0,0,True,False,False,False,primary,South Eastern,19.6,15.0,17.1,0.0,26.8,False,MODERATE,2025,4,6,17
release_6,16/04/2025,2025-04-15 08:50:00,grievious,1,marsa,aldo moro road,morning,False,False,True,True,False,False,0,0,1,2,0,0,True,False,False,3,0,0,3,False,False,False,True,True,True,False,0,0,0,1,1,1,0,False,False,True,False,trunk,Southern Harbour,22.5,17.2,19.9,0.5,36.2,True,LOW,2025,4,1,8
release_16,17/04/2025,2025-04-17 00:00:00,grievious,1,luqa,luqa road,night,False,True,False,False,False,False,0,1,0,0,0,0,True,False,False,1,0,0,1,False,False,False,False,False,True,False,0,0,0,0,0,1,0,False,False,True,False,primary,South Eastern,18.1,14.6,16.3,0.0,27.4,False,LOW,2025,4,3,0
release_33,17/04/2025,2025-04-17 09:30:00,grievious,1,zejtun,triq tal-barrani,morning,False,False,True,False,True,False,0,0,1,0,1,0,True,False,False,2,0,0,2,False,False,False,True,True,False,False,0,0,0,1,1,0,0,False,False,True,False,secondary,South Eastern,18.1,14.6,16.3,0.0,27.4,False,MODERATE,2025,4,3,9
article_1769.0,17/04/2025,2025-04-17 13:00:00,grievious,1,luqa,triq hal luqa,afternoon,False,True,False,False,True,False,0,1,0,0,1,0,True,False,False,2,0,0,2,False,True,False,False,True,False,False,0,1,0,0,1,0,0,False,False,True,False,trunk,South Eastern,18.1,14.6,16.3,0.0,27.4,False,LOW,2025,4,3,13
release_61,18/04/2025,2025-04-18 02:00:00,serious,1,mosta,triq iz-zejfa,night,False,False,True,True,False,False,0,0,1,1,0,0,True,False,True,1,0,1,2,False,False,False,True,True,False,False,0,0,0,1,1,0,0,False,True,True,False,residential,Northern,19.1,13.1,16.1,0.0,18.1,False,LOW,2025,4,4,2
article_1718.0,18/04/2025,2025-04-18 13:30:00,serious,1,san pawl il bahar,triq burmarrad,afternoon,False,False,True,False,True,False,0,0,1,0,1,0,True,True,False,1,1,0,2,False,False,False,True,True,False,False,0,0,0,1,1,0,0,False,True,True,False,primary,Northern,19.1,13.1,16.1,0.0,18.1,False,LOW,2025,4,4,13
release_12,22/04/2025,2025-04-22 13:00:00,grievious,1,bormla,xatt il-forn,afternoon,False,False,True,False,False,False,0,0,1,0,0,0,True,False,False,1,0,0,1,False,False,False,False,True,False,False,0,0,0,0,1,0,0,False,False,True,False,secondary,Southern Harbour,21.1,15.4,17.7,0.1,21.0,True,LOW,2025,4,1,13
release_90,26/04/2025,2025-04-25 22:00:00,grievious,1,paola,triq kordin,late_evening,False,False,True,False,False,False,0,0,1,0,0,0,True,False,False,1,0,0,1,False,False,False,True,False,False,False,0,0,0,1,0,0,0,False,False,True,False,residential,Southern Harbour,20.0,15.8,17.4,0.0,27.0,False,LOW,2025,4,4,22
release_71,06/05/2025,2025-05-02 15:30:00,serious,1,mgarr,triq l-imgarr,afternoon,False,False,False,True,False,False,0,0,0,2,0,0,True,False,False,2,0,0,2,False,False,False,True,True,False,False,0,0,0,1,1,0,0,False,False,False,True,secondary,Northern,18.3,17.3,17.7,0.0,17.1,False,LOW,2025,5,4,15
article_1489.0,03/05/2025,2025-05-02 17:00:00,serious,3,xaghra,triq ix-xaghra,afternoon,False,False,True,False,True,False,0,0,1,0,1,0,True,False,False,2,0,0,2,False,False,False,False,True,False,False,0,0,0,0,2,0,0,False,False,False,True,primary,Gozo,18.4,17.3,17.7,0.0,16.7,False,LOW,2025,5,4,17
release_26,04/05/2025,2025-05-04 14:30:00,serious,1,marsa,triq dicembru tlettax,afternoon,False,False,True,False,False,False,0,0,1,0,0,0,True,False,False,1,0,0,1,False,False,False,True,False,False,False,0,0,0,1,0,0,0,True,False,False,False,trunk,Southern Harbour,25.0,16.9,20.9,0.4,17.5,True,LOW,2025,5,6,14
release_23,07/05/2025,2025-05-07 10:00:00,grievious,1,msida,Triq L. Zamenhof,morning,False,True,False,False,False,False,0,1,0,0,0,0,True,False,False,1,0,0,1,False,False,False,False,False,True,False,0,0,0,0,0,1,0,False,False,False,True,residential,Central,25.3,18.5,21.3,0.0,13.9,False,LOW,2025,5,2,10
release_24,07/05/2025,2025-05-07 13:15:00,grievious,1,birzebbuga,triq ghar dalam,afternoon,False,True,True,False,False,False,0,1,1,0,0,0,True,False,True,1,0,1,2,False,False,False,True,False,True,False,0,0,0,1,0,1,0,False,False,False,True,primary,South Eastern,25.2,18.4,21.2,0.0,13.9,False,LOW,2025,5,2,13
release_13,08/05/2025,2025-05-08 10:15:00,grievious,1,fgura,zabbar road,morning,False,False,False,False,True,False,0,0,0,0,1,0,True,False,False,1,0,0,1,False,False,False,False,True,False,False,0,0,0,0,1,0,0,False,False,False,True,primary,South Eastern,25.3,16.9,21.0,0.0,17.1,False,LOW,2025,5,3,10
release_3,12/05/2025,2025-05-12 08:00:00,grievious,1,qormi,valley road,early_morning,False,False,True,False,False,False,0,0,2,0,0,0,True,False,False,2,0,0,2,False,False,False,True,False,True,False,0,0,0,1,0,1,0,False,False,False,True,secondary,Central,25.0,18.6,20.6,0.0,19.3,False,LOW,2025,5,0,8
article_1275.0,12/05/2025,2025-05-12 09:45:00,serious,1,hamrun,st joseph high road,morning,False,False,False,True,False,False,0,0,0,2,0,0,True,True,False,1,1,0,2,False,False,False,True,True,False,False,0,0,0,1,1,0,0,False,False,False,True,secondary,Central,25.0,18.6,20.6,0.0,19.3,False,LOW,2025,5,0,9
article_1274.0,13/05/2025,2025-05-13 08:00:00,not injured,0,st julian,triq santu wistin,early_morning,False,False,False,False,False,True,0,0,0,0,0,1,False,False,True,0,0,1,1,False,False,False,False,False,True,False,0,0,0,0,0,1,0,False,False,False,True,residential,Northern,23.4,18.0,20.0,0.4,19.0,True,LOW,2025,5,1,8
article_1227.0,15/05/2025,2025-05-14 17:45:00,grievious,1,santa venera,regional road,afternoon,False,True,False,False,False,False,0,2,0,0,0,0,False,True,False,0,2,0,2,False,False,False,True,True,False,False,0,0,0,1,1,0,0,False,False,False,True,trunk,Central,23.0,15.9,19.6,0.0,23.5,False,HEAVY,2025,5,2,17
release_34,15/05/2025,2025-05-15 17:45:00,grievious,1,santa venera,regional road,afternoon,False,True,False,False,False,False,0,2,0,0,0,0,False,True,False,0,2,0,2,False,False,False,True,True,False,False,0,0,0,1,1,0,0,False,False,False,True,trunk,Central,21.6,17.8,19.1,66.5,28.6,True,HEAVY,2025,5,3,17
article_1165.0,17/05/2025,2025-05-17 18:30:00,grievious,2,mellieha,triq dawret il-mellieha,evening,False,False,False,False,False,True,0,0,0,0,0,2,False,True,True,0,1,1,2,False,False,False,False,True,False,False,0,0,0,0,2,0,0,True,False,False,False,secondary,Northern,20.9,16.8,18.5,2.8,24.5,True,LOW,2025,5,5,18
article_1034.0,22/05/2025,2025-05-22 00:00:00,grievious,1,mgarr,road leading to ghajn tuffieha,night,False,False,True,False,False,False,0,0,1,0,0,0,True,False,False,1,0,0,1,False,False,False,False,True,False,False,0,0,0,0,1,0,0,False,False,False,True,other,Northern,25.6,18.2,20.9,0.9,24.9,True,LOW,2025,5,3,0
release_62,24/05/2025,2025-05-24 07:15:00,grievious,1,marsa,aldo moro road,early_morning,False,False,True,False,True,False,0,0,1,0,1,0,True,False,False,2,0,0,2,False,False,False,True,True,False,False,0,0,0,1,1,0,0,True,False,False,False,trunk,Southern Harbour,24.1,18.4,20.8,2.4,20.8,True,LOW,2025,5,5,7
article_974.0,25/05/2025,2025-05-25 13:15:00,serious,1,bugibba,triq c-cern,afternoon,True,True,False,False,False,False,1,1,0,0,0,0,True,False,False,2,0,0,2,False,True,False,False,True,False,False,0,1,0,0,1,0,0,True,False,False,False,residential,Northern,22.8,17.9,20.1,1.6,29.5,True,LOW,2025,5,6,13
release_86,26/05/2025,2025-05-26 13:15:00,serious,1,bugibba,triq ic-cern,afternoon,False,True,False,False,False,False,0,1,0,0,0,0,True,False,False,1,0,0,1,False,False,False,False,True,False,False,0,0,0,0,1,0,0,False,False,False,True,residential,Northern,23.4,18.1,20.2,0.0,21.6,False,LOW,2025,5,0,13
article_894.0,29/05/2025,2025-05-27 12:30:00,fatal,1,xemxija,xemxija bypass,afternoon,False,False,True,False,False,False,0,0,1,0,0,0,True,False,False,1,0,0,1,False,False,False,True,False,False,False,0,0,0,1,0,0,0,False,False,False,True,trunk,Northern,23.3,17.9,20.4,0.0,20.6,False,LOW,2025,5,1,12
article_760.0,03/06/2025,2025-06-03 04:30:00,serious,1,mellieha,triq il-marfa,night,False,False,False,True,False,False,0,0,0,1,0,0,True,False,False,1,0,0,1,False,False,False,False,False,True,False,0,0,0,0,0,1,0,False,False,False,True,trunk,Northern,26.4,17.6,22.1,0.0,17.8,False,LOW,2025,6,1,4
release_29,04/06/2025,2025-06-04 07:30:00,grievious,1,marsa,xatt l-ghassara tal-gheneb,early_morning,False,False,True,False,False,False,0,0,2,0,0,0,True,True,False,1,1,0,2,False,False,False,True,True,False,False,0,0,0,1,1,0,0,False,False,False,True,tertiary,Southern Harbour,26.8,20.1,23.2,0.0,19.8,False,LOW,2025,6,2,7
release_51,05/06/2025,2025-06-04 21:15:00,grievious,1,san pawl il bahar,kennedy drive,late_evening,False,True,False,False,False,False,0,1,0,0,0,0,True,False,False,1,0,0,1,False,False,False,True,False,False,False,0,0,0,1,0,0,0,False,False,False,True,trunk,Northern,27.4,20.0,23.5,0.0,21.8,False,LOW,2025,6,2,21
article_751.0,05/06/2025,2025-06-04 23:00:00,serious,1,san pawl il bahar,kennedy drive,late_evening,False,True,False,False,False,True,0,1,0,0,0,1,True,False,True,1,0,1,2,False,False,False,True,True,False,False,0,0,0,1,1,0,0,False,False,False,True,trunk,Northern,27.4,20.0,23.5,0.0,21.8,False,LOW,2025,6,2,23
article_654.0,08/06/2025,2025-06-06 17:30:00,fatal,1,isla,triq ix-xatt juan b azopardo,afternoon,False,False,True,False,False,False,0,0,1,0,0,0,True,False,False,1,0,0,1,False,False,False,True,False,False,False,0,0,0,1,0,0,0,False,False,False,True,secondary,Southern Harbour,30.5,19.0,24.8,0.0,8.1,False,LOW,2025,6,4,17
article_679.0,07/06/2025,2025-06-06 17:30:00,grievious,1,xewkija,triq l-imgarr,afternoon,False,False,True,False,False,False,0,0,2,0,0,0,True,True,False,1,1,0,2,False,False,False,True,True,False,False,0,0,0,1,1,0,0,False,False,False,True,secondary,Gozo,22.1,20.4,21.1,0.0,12.0,False,LOW,2025,6,4,17
article_685.0,07/06/2025,2025-06-06 20:30:00,grievious,5,san pawl il bahar,triq parades,evening,False,True,False,False,False,True,0,1,0,0,0,1,True,True,False,1,1,0,2,False,False,False,False,True,False,False,0,0,0,0,2,0,0,False,False,False,True,tertiary,Northern,29.5,18.8,24.1,0.0,8.1,False,LOW,2025,6,4,20
article_640.0,07/06/2025,2025-06-07 17:00:00,fatal,1,isla,triq ix-xatt juan b azopardo,afternoon,False,False,True,False,False,False,0,0,1,0,0,0,True,False,False,1,0,0,1,False,False,False,True,False,False,False,0,0,0,1,0,0,0,True,True,True,False,secondary,Southern Harbour,31.7,19.8,26.1,0.0,8.9,False,LOW,2025,6,5,17
release_9,14/06/2025,2025-06-11 15:45:00,grievious,1,naxxar,john adye street,afternoon,False,False,True,True,False,False,0,0,1,1,0,0,True,False,False,2,0,0,2,False,False,False,True,False,True,False,0,0,0,1,0,1,0,False,False,False,True,residential,Northern,29.4,20.2,24.6,0.0,8.9,False,MODERATE,2025,6,2,15
release_81,12/06/2025,2025-06-12 10:00:00,fatal,2,marsascala,triq villabate,morning,False,False,True,False,True,False,0,0,2,0,1,0,True,False,True,2,0,1,3,False,False,True,False,True,True,False,0,0,1,0,1,1,0,False,False,False,True,primary,South Eastern,30.8,22.0,26.3,0.0,9.6,False,LOW,2025,6,3,10
release_14,14/06/2025,2025-06-13 22:00:00,grievious,1,xewkija,triq santa elizabetta,late_evening,False,False,False,True,False,False,0,0,0,1,0,0,True,False,False,1,0,0,1,False,False,False,True,False,False,False,0,0,0,1,0,0,0,False,False,False,True,residential,Gozo,24.4,23.2,23.7,0.0,16.9,False,LOW,2025,6,4,22
article_408.0,19/06/2025,2025-06-18 22:00:00,fatal,3,zebbug,triq l-imdina,late_evening,False,False,True,True,False,False,0,0,1,1,0,0,True,False,False,2,0,0,2,False,False,False,False,True,False,False,0,0,0,0,2,0,0,False,False,False,True,trunk,Central,27.6,23.1,25.1,0.0,16.1,False,LOW,2025,6,2,22
article_381.0,20/06/2025,2025-06-19 00:00:00,serious,1,gudja,triq dawret il-gudja,night,False,True,False,True,False,False,0,1,0,1,0,0,True,False,False,2,0,0,2,False,False,False,True,True,False,False,0,0,0,1,1,0,0,False,False,False,True,secondary,South Eastern,28.6,22.5,25.4,0.0,9.4,False,LOW,2025,6,3,0
article_407.0,19/06/2025,2025-06-19 06:30:00,serious,1,zejtun,triq president anton buttigieg,early_morning,False,False,False,True,False,False,0,0,0,1,0,0,True,False,False,1,0,0,1,False,False,False,False,False,False,True,0,0,0,0,0,0,1,False,False,False,True,other,South Eastern,28.7,22.6,25.5,0.0,9.4,False,MODERATE,2025,6,3,6
article_404.0,19/06/2025,2025-06-19 10:15:00,serious,1,luqa,triq hal farrug,morning,False,False,True,True,False,False,0,0,1,1,0,0,True,False,False,2,0,0,2,False,False,False,True,True,False,False,0,0,0,1,1,0,0,False,False,False,True,secondary,South Eastern,27.5,22.5,24.7,1.7,11.8,True,LOW,2025,6,3,10
article_361.0,21/06/2025,2025-06-19 13:15:00,fatal,1,floriana,pinto wharf,afternoon,False,False,False,True,False,False,0,0,0,2,0,0,True,True,False,1,1,0,2,False,True,False,False,True,False,False,0,1,0,0,1,0,0,False,False,False,True,other,Southern Harbour,28.9,22.8,25.6,0.0,9.4,False,LOW,2025,6,3,13
release_2,20/06/2025,2025-06-19 18:30:00,grievious,1,gudja,triq dawret il-gudja,evening,False,True,False,True,False,False,0,1,0,1,0,0,True,False,False,2,0,0,2,False,False,False,True,True,False,False,0,0,0,1,1,0,0,False,False,False,True,secondary,South Eastern,28.6,22.5,25.4,0.0,9.4,False,LOW,2025,6,3,18
release_35,22/06/2025,2025-06-19 22:00:00,fatal,3,zebbug,triq l-imdina,late_evening,False,False,True,True,False,False,0,0,2,1,0,0,True,False,False,3,0,0,3,False,False,False,False,True,False,False,0,0,0,0,3,0,0,False,False,False,True,trunk,Central,27.5,22.5,24.7,1.7,11.8,True,LOW,2025,6,3,22
article_313.0,23/06/2025,2025-06-23 08:45:00,slight,1,gzira,regional road,morning,False,True,False,False,False,True,0,1,0,0,0,2,False,True,True,0,1,2,3,False,False,False,False,True,True,False,0,0,0,0,2,1,0,False,False,False,True,trunk,Southern Harbour,30.9,23.3,27.1,0.0,9.3,False,MODERATE,2025,6,0,8
article_287.0,25/06/2025,2025-06-25 07:00:00,not injured,2,msida,regional road,early_morning,False,False,True,False,False,True,0,0,1,0,0,1,False,True,True,0,1,1,2,False,False,False,True,True,False,False,0,0,0,1,1,0,0,False,False,True,False,trunk,Central,33.5,23.9,28.0,0.0,14.0,False,MODERATE,2025,6,2,7
release_45,02/07/2025,2025-07-01 21:15:00,grievious,1,ghajnsielem,triq borg gharib,late_evening,False,True,False,False,False,False,0,1,0,0,0,0,True,False,False,1,0,0,1,False,False,False,False,True,False,False,0,0,0,0,1,0,0,False,False,True,False,secondary,Gozo,26.1,24.8,25.5,0.0,19.2,False,LOW,2025,7,1,21
article_297729.0,20/07/2025,2025-07-02 12:30:00,serious,2,swieqi,ta' giorni tunnels,afternoon,False,True,False,False,False,True,0,1,0,0,0,1,True,False,False,2,0,0,2,False,False,False,True,False,True,False,0,0,0,1,0,1,0,False,False,True,False,primary,Northern,33.4,23.7,28.5,0.0,9.2,False,LOW,2025,7,2,12
article_113265.0,05/07/2025,2025-07-05 11:00:00,grievious,2,mellieha,triq il-kbira,morning,False,True,True,False,False,False,0,1,1,0,0,0,True,False,False,2,0,0,2,False,False,False,True,True,False,False,0,0,0,1,1,0,0,True,False,True,False,primary,Northern,31.6,23.7,27.6,0.0,10.2,False,LOW,2025,7,5,11
article_190828.0,07/07/2025,2025-07-06 00:00:00,serious,2,mosta,triq iz-zejfa,night,False,False,True,False,False,False,0,0,2,0,0,0,True,True,False,1,1,0,2,False,False,False,True,True,False,False,0,0,0,1,1,0,0,True,False,True,False,residential,Northern,31.1,23.6,27.4,0.0,15.0,False,LOW,2025,7,6,0
release_32,07/07/2025,2025-07-06 18:00:00,serious,1,mosta,triq iz-zejfa,afternoon,False,False,True,False,False,False,0,0,2,0,0,0,True,True,False,1,1,0,2,False,False,False,True,True,False,False,0,0,0,1,1,0,0,True,False,True,False,residential,Northern,31.1,23.6,27.4,0.0,15.0,False,LOW,2025,7,6,18
article_139548.0,10/07/2025,2025-07-09 18:30:00,grievious,2,msida,triq mikiel anton vassalli,evening,False,False,True,False,False,False,0,0,2,0,0,0,True,True,False,1,1,0,2,False,False,False,True,True,False,False,0,0,0,1,1,0,0,False,False,True,False,trunk,Central,29.5,25.4,27.5,0.0,28.3,False,MODERATE,2025,7,2,18
release_74,10/07/2025,2025-07-10 06:30:00,grievious,1,siggiewi,triq dun manwel zammit,early_morning,False,True,False,False,False,False,0,1,0,0,0,0,True,False,False,1,0,0,1,False,False,False,False,True,False,False,0,0,0,0,1,0,0,False,False,True,False,residential,Central,29.1,24.0,26.5,0.0,17.3,False,LOW,2025,7,3,6
release_98,14/07/2025,2025-07-14 11:00:00,grievious,1,marsaxlokk,triq melqart,morning,False,False,True,False,False,False,0,0,2,0,0,0,True,False,False,2,0,0,2,False,False,False,True,False,True,False,0,0,0,1,0,1,0,False,False,True,False,secondary,South Eastern,34.4,24.0,28.5,0.0,19.9,False,LOW,2025,7,0,11
article_495969.0,07/10/2025,2025-07-16 00:00:00,serious,1,attard,triq mount carmel,night,False,False,False,False,False,True,0,0,0,0,0,1,False,False,True,0,0,1,1,False,False,False,False,True,False,False,0,0,0,0,1,0,0,False,False,True,False,secondary,Central,30.9,24.5,27.5,0.0,20.9,False,LOW,2025,7,2,0
article_141175.0,17/07/2025,2025-07-16 13:15:00,grievious,2,gzira,rue d'argens,afternoon,False,True,True,False,False,False,0,1,1,0,0,0,False,True,False,0,2,0,2,False,False,False,True,True,False,False,0,0,0,1,1,0,0,False,False,True,False,secondary,Southern Harbour,32.2,24.7,28.4,0.0,13.7,False,MODERATE,2025,7,2,13
article_130030.0,17/07/2025,2025-07-17 17:00:00,serious,1,mqabba,triq l-imqabba,afternoon,False,False,False,False,True,False,0,0,0,0,1,0,False,True,False,0,1,0,1,False,False,False,False,True,False,False,0,0,0,0,1,0,0,False,False,True,False,primary,South Eastern,29.2,24.6,26.6,0.0,21.3,False,LOW,2025,7,3,17
release_110,18/07/2025,2025-07-17 22:15:00,grievious,1,birkirkara,triq il-wied ta birkirkara,late_evening,True,False,True,False,False,False,1,0,1,0,0,0,True,False,False,2,0,0,2,False,False,True,False,True,False,False,0,0,1,0,1,0,0,False,False,True,False,primary,Central,28.5,24.6,26.3,0.0,22.5,False,LOW,2025,7,3,22
article_450477.0,20/07/2025,2025-07-19 12:30:00,serious,1,rabat,triq il-buqana,afternoon,True,False,False,False,False,False,1,0,0,0,0,0,True,False,False,1,0,0,1,False,False,True,False,False,False,False,0,0,1,0,0,0,0,True,False,True,False,secondary,Central,30.0,22.9,26.2,0.0,8.2,False,LOW,2025,7,5,12
release_69,23/07/2025,2025-07-23 09:30:00,grievious,1,gzira,triq tas-sliema,morning,False,False,False,False,True,False,0,0,0,0,1,0,True,False,False,1,0,0,1,False,False,False,False,True,False,False,0,0,0,0,1,0,0,False,False,True,False,secondary,Southern Harbour,34.7,25.2,30.0,0.0,19.1,False,MODERATE,2025,7,2,9
release_7,23/07/2025,2025-07-23 10:30:00,fatal,3,lija,mosta road,morning,False,True,False,False,True,False,0,1,0,0,2,0,True,False,False,3,0,0,3,False,False,False,False,True,True,False,0,0,0,0,2,1,0,False,False,True,False,trunk,Central,33.7,25.5,28.8,0.0,19.9,False,LOW,2025,7,2,10
article_353525.0,24/07/2025,2025-07-24 04:30:00,serious,4,tarxien,triq san anard,night,False,False,True,False,False,False,0,0,2,0,0,0,True,True,False,1,1,0,2,False,False,False,True,False,False,False,0,0,0,2,0,0,0,False,False,True,False,residential,Southern Harbour,37.5,24.6,31.1,0.0,8.2,False,LOW,2025,7,3,4
release_77,24/07/2025,2025-07-24 10:15:00,grievious,1,naxxar,triq is-salina,morning,False,False,False,False,True,False,0,0,0,0,1,0,True,False,False,1,0,0,1,False,False,False,True,False,False,False,0,0,0,1,0,0,0,False,False,True,False,secondary,Northern,35.9,23.8,29.7,0.0,8.6,False,LOW,2025,7,3,10
article_386207.0,26/07/2025,2025-07-26 01:00:00,fatal,2,pembroke,triq sant andrija,night,False,True,True,False,False,False,0,1,1,0,0,0,True,False,True,1,0,1,2,False,False,False,True,True,False,False,0,0,0,1,1,0,0,True,False,True,False,trunk,Northern,35.7,26.4,30.2,0.0,30.0,False,LOW,2025,7,5,1
release_85,27/07/2025,2025-07-27 15:30:00,fatal,4,fgura,triq hompesch,afternoon,False,True,False,False,True,False,0,2,0,0,1,0,True,True,False,1,2,0,3,False,False,False,False,True,False,False,0,0,0,0,3,0,0,True,False,True,False,primary,South Eastern,28.9,25.5,26.9,0.0,32.6,False,LOW,2025,7,6,15
article_450529.0,27/07/2025,2025-07-27 15:30:00,serious,1,sliema,tower road,afternoon,False,False,True,False,True,False,0,0,1,0,1,0,True,False,True,1,0,1,2,False,False,False,True,True,False,False,0,0,0,1,1,0,0,True,False,True,False,secondary,Northern,28.9,25.5,26.9,0.0,32.6,False,LOW,2025,7,6,15
article_490183.0,12/08/2025,2025-07-27 22:00:00,fatal,1,valletta,liesse hill,late_evening,False,True,False,False,False,False,0,1,0,0,0,0,True,False,False,1,0,0,1,False,False,False,False,True,False,False,0,0,0,0,1,0,0,True,False,True,False,residential,Southern Harbour,28.9,25.5,26.9,0.0,32.6,False,LOW,2025,7,6,22
release_4,30/07/2025,2025-07-29 18:00:00,grievious,1,ghaxaq,dawret hal ghaxaq,afternoon,False,False,True,False,False,False,0,0,2,0,0,0,True,False,False,2,0,0,2,False,False,False,True,True,False,False,0,0,0,1,1,0,0,False,False,True,False,primary,South Eastern,27.8,23.8,25.5,0.0,31.6,False,MODERATE,2025,7,1,18
article_386182.0,28/07/2025,2025-07-30 15:30:00,fatal,0,pieta,marina street,afternoon,False,False,False,True,False,False,0,0,0,1,0,0,True,False,False,1,0,0,1,False,False,False,True,False,False,False,0,0,0,1,0,0,0,False,False,True,False,secondary,Southern Harbour,27.9,23.2,25.2,0.0,24.7,False,LOW,2025,7,2,15
article_386315.0,28/07/2025,2025-07-31 15:30:00,fatal,2,valletta,liesse hill,afternoon,False,True,False,False,False,True,0,1,0,0,0,1,True,False,True,1,0,1,2,False,False,False,False,True,False,False,0,0,0,0,2,0,0,False,False,True,False,residential,Southern Harbour,28.0,23.0,25.1,0.0,20.9,False,MODERATE,2025,7,3,15
article_451726.0,29/07/2025,2025-08-02 15:30:00,fatal,1,floriana,floriana park and ride,afternoon,False,False,False,False,False,True,0,0,0,0,0,1,False,False,True,0,0,1,1,False,False,False,False,False,False,True,0,0,0,0,0,0,1,True,False,True,False,other,Southern Harbour,31.5,21.4,26.0,0.0,13.1,False,LOW,2025,8,5,15
release_8,03/08/2025,2025-08-03 08:15:00,serious,2,zejtun,triq tal-barrani,morning,False,False,True,False,True,False,0,0,1,0,1,0,True,True,False,1,1,0,2,False,False,False,True,True,False,False,0,0,0,1,1,0,0,True,False,True,False,secondary,South Eastern,30.8,23.2,26.6,0.0,17.6,False,LOW,2025,8,6,8
release_67,04/08/2025,2025-08-04 07:45:00,grievious,1,ta xbiex,triq ix-xatt ta' xbiex,early_morning,False,False,False,True,False,False,0,0,0,1,0,0,True,False,False,1,0,0,1,False,False,False,False,True,False,False,0,0,0,0,1,0,0,False,False,True,False,secondary,Central,29.1,23.8,26.1,0.0,21.1,False,LOW,2025,8,0,7
article_467167.0,30/07/2025,2025-08-04 15:30:00,fatal,2,valletta,liesse hill,afternoon,False,True,False,False,True,False,0,1,0,0,1,0,True,False,False,2,0,0,2,False,False,False,False,True,False,False,0,0,0,0,2,0,0,False,False,True,False,residential,Southern Harbour,29.1,23.8,26.1,0.0,21.1,False,MODERATE,2025,8,0,15
article_489370.0,05/08/2025,2025-08-04 17:00:00,serious,2,lija,mosta road,afternoon,False,False,True,False,False,False,0,0,2,0,0,0,True,True,False,1,1,0,2,False,False,False,False,True,False,False,0,0,0,0,2,0,0,False,False,True,False,trunk,Central,28.0,23.6,25.6,0.0,24.3,False,LOW,2025,8,0,17
article_489728.0,07/08/2025,2025-08-06 11:30:00,serious,0,naxxar,triq is-salina,morning,False,False,True,True,False,False,0,0,1,1,0,0,True,False,False,2,0,0,2,False,False,False,True,True,False,False,0,0,0,1,1,0,0,False,False,True,False,secondary,Northern,29.5,22.8,25.7,0.0,14.7,False,LOW,2025,8,2,11
release_55,07/08/2025,2025-08-06 11:30:00,grievious,1,naxxar,triq is-salina,morning,False,False,True,True,False,False,0,0,1,1,0,0,False,False,True,0,0,2,2,False,False,False,True,True,False,False,0,0,0,1,1,0,0,False,False,True,False,secondary,Northern,29.5,22.8,25.7,0.0,14.7,False,LOW,2025,8,2,11
article_489728.5,07/08/2025,2025-08-06 12:30:00,serious,2,naxxar,triq bormla,afternoon,False,True,True,False,False,False,0,1,1,0,0,0,True,False,False,2,0,0,2,False,False,False,True,True,False,False,0,0,0,1,1,0,0,False,False,True,False,residential,Northern,29.6,23.1,25.9,0.0,14.4,False,LOW,2025,8,2,12
release_550,07/08/2025,2025-08-06 12:30:00,grievious,2,zabbar,cospicua road,afternoon,False,True,True,False,False,False,0,1,1,0,0,0,False,False,True,0,0,2,2,False,False,False,True,True,False,False,0,0,0,1,1,0,0,False,False,True,False,secondary,Southern Harbour,29.6,23.1,25.9,0.0,14.4,False,LOW,2025,8,2,12
article_467164.0,30/07/2025,2025-08-06 15:30:00,fatal,0,floriana,floriana park and ride,afternoon,False,False,False,True,False,False,0,0,0,1,0,0,True,False,False,1,0,0,1,False,False,False,False,False,False,True,0,0,0,0,0,0,1,False,False,True,False,other,Southern Harbour,29.6,23.1,25.9,0.0,14.4,False,MODERATE,2025,8,2,15
article_489990.0,09/08/2025,2025-08-07 00:00:00,serious,1,santa venera,cannon road,night,False,False,True,False,False,False,0,0,1,0,0,0,True,False,False,1,0,0,1,False,False,False,False,True,False,False,0,0,0,0,1,0,0,False,False,True,False,secondary,Central,29.0,22.0,25.2,0.0,12.8,False,LOW,2025,8,3,0
article_489733.0,07/08/2025,2025-08-07 08:00:00,serious,1,santa venera,cannon road,early_morning,False,False,False,False,False,True,0,0,0,0,0,1,False,False,True,0,0,1,1,False,False,False,False,True,False,False,0,0,0,0,1,0,0,False,False,True,False,secondary,Central,29.0,22.0,25.2,0.0,12.8,False,HEAVY,2025,8,3,8
article_467110.0,30/07/2025,2025-08-08 15:30:00,grievious,1,ghaxaq,dawret hal ghaxaq,afternoon,False,False,True,False,False,False,0,0,2,0,0,0,True,False,False,2,0,0,2,False,False,False,True,True,False,False,0,0,0,1,1,0,0,False,False,True,False,primary,South Eastern,31.2,22.0,26.6,0.0,10.5,False,MODERATE,2025,8,4,15
article_490010.0,09/08/2025,2025-08-09 07:30:00,slight,1,san gwann,triq il-pellikan,early_morning,False,False,True,False,False,False,0,0,1,0,0,0,False,True,False,0,1,0,1,False,False,False,False,True,False,False,0,0,0,0,1,0,0,True,False,True,False,residential,Central,31.1,23.6,27.2,0.0,14.8,False,LOW,2025,8,5,7
article_489878.0,10/08/2025,2025-08-10 05:20:00,fatal,1,birkirkara,triq salvu psaila,night,True,False,True,False,False,False,1,0,1,0,0,0,True,False,True,1,0,1,2,False,False,False,True,True,False,False,0,0,0,1,1,0,0,True,False,True,False,secondary,Central,32.3,24.2,27.9,0.0,12.2,False,LOW,2025,8,6,5
article_490073.0,11/08/2025,2025-08-10 05:20:00,fatal,1,santa venera,triq salvu psaila,night,True,False,True,False,False,False,1,0,1,0,0,0,True,False,True,1,0,1,2,False,False,False,True,True,False,False,0,0,0,1,1,0,0,True,False,True,False,secondary,Central,32.3,24.2,27.9,0.0,12.2,False,LOW,2025,8,6,5
article_489884.0,10/08/2025,2025-08-10 09:00:00,serious,1,floriana,regional road,morning,False,False,False,False,True,False,0,0,0,0,2,0,True,False,False,2,0,0,2,False,True,False,False,False,True,False,0,1,0,0,0,1,0,True,False,True,False,trunk,Southern Harbour,33.2,24.8,28.6,0.0,11.2,False,LOW,2025,8,6,9
article_489993.0,11/08/2025,2025-08-10 19:00:00,serious,1,mgarr,mosta road,evening,False,False,True,False,False,False,0,0,1,0,0,0,True,False,False,1,0,0,1,False,False,False,True,False,False,False,0,0,0,1,0,0,0,True,False,True,False,trunk,Northern,32.3,24.2,27.9,0.0,12.2,False,LOW,2025,8,6,19
release_53,11/08/2025,2025-08-11 19:00:00,grievious,1,mgarr,mosta road,evening,False,False,True,False,False,False,0,0,1,0,0,0,True,False,False,1,0,0,1,False,False,False,True,False,False,False,0,0,0,1,0,0,0,False,False,True,False,trunk,Northern,32.2,22.8,27.7,0.0,6.1,False,LOW,2025,8,0,19
article_490165.0,12/08/2025,2025-08-12 07:00:00,serious,2,gwardamangia,st luke's square,early_morning,False,False,False,False,False,True,0,0,0,0,0,1,False,False,True,0,0,1,1,False,False,False,False,True,False,False,0,0,0,0,1,0,0,False,False,True,False,other,Central,32.5,23.8,28.1,0.0,9.8,False,LOW,2025,8,1,7
article_490568.0,16/08/2025,2025-08-14 05:30:00,fatal,1,pembroke,triq sant andrija,night,False,True,False,False,False,False,0,1,0,0,0,0,True,False,False,1,0,0,1,False,False,False,True,False,False,False,0,0,0,1,0,0,0,False,False,True,False,trunk,Northern,32.7,24.3,28.3,0.0,10.1,False,LOW,2025,8,3,5
article_490653.0,17/08/2025,2025-08-14 09:00:00,fatal,0,pembroke,triq sant andrija,morning,False,True,False,False,False,False,0,1,0,0,0,0,True,False,False,1,0,0,1,False,False,False,True,False,False,False,0,0,0,1,0,0,0,False,False,True,False,trunk,Northern,32.7,24.3,28.3,0.0,10.1,False,LOW,2025,8,3,9
article_489339.0,04/08/2025,2025-08-14 15:30:00,serious,1,marsa,aldo moro road,afternoon,False,False,False,False,True,False,0,0,0,0,2,0,True,True,False,1,1,0,2,False,False,False,True,True,False,False,0,0,0,1,1,0,0,False,False,True,False,trunk,Southern Harbour,32.7,24.3,28.3,0.0,10.1,False,LOW,2025,8,3,15
release_57,18/08/2025,2025-08-17 16:00:00,serious,1,naxxar,coast road,afternoon,False,False,True,True,False,False,0,0,1,1,0,0,True,True,False,1,1,0,2,False,False,False,True,True,False,False,0,0,0,1,1,0,0,True,False,True,False,trunk,Northern,29.2,23.7,26.4,0.4,14.2,True,LOW,2025,8,6,16
article_490697.0,18/08/2025,2025-08-18 00:00:00,fatal,0,isla,triq ix-xatt juan b azopardo,night,False,False,True,False,False,False,0,0,1,0,0,0,False,False,True,0,0,1,1,False,False,False,True,False,False,False,0,0,0,1,0,0,0,False,False,True,False,secondary,Southern Harbour,30.4,24.2,27.0,0.2,9.6,True,LOW,2025,8,0,0
article_490815.0,19/08/2025,2025-08-18 16:00:00,grievious,1,paola,triq hal luqa,afternoon,False,False,True,False,True,False,0,0,1,0,1,0,True,False,False,2,0,0,2,False,True,False,False,True,False,False,0,1,0,0,1,0,0,False,False,True,False,trunk,Southern Harbour,30.4,24.2,27.0,0.2,9.6,True,MODERATE,2025,8,0,16
release_38,19/08/2025,2025-08-19 16:00:00,grievious,1,paola,luqa road,afternoon,False,False,True,False,False,False,0,0,1,0,0,0,True,False,False,1,0,0,1,False,False,False,False,True,False,False,0,0,0,0,1,0,0,False,False,True,False,primary,Southern Harbour,30.1,24.2,26.8,0.0,8.6,False,MODERATE,2025,8,1,16
article_491011.0,21/08/2025,2025-08-21 05:30:00,not injured,0,sliema,tower road,night,False,False,False,False,False,True,0,0,0,0,0,2,False,False,True,0,0,2,2,False,False,False,False,True,False,True,0,0,0,0,1,0,1,False,False,True,False,secondary,Northern,33.2,25.8,28.7,0.0,22.0,False,LOW,2025,8,3,5
article_491118.0,21/08/2025,2025-08-21 06:00:00,not injured,0,sliema,tower road,night,False,False,False,False,False,True,0,0,0,0,0,2,True,False,True,1,0,1,2,False,False,False,False,True,False,True,0,0,0,0,1,0,1,False,False,True,False,secondary,Northern,33.2,25.8,28.7,0.0,22.0,False,LOW,2025,8,3,6
release_95,22/08/2025,2025-08-22 05:30:00,serious,2,birkirkara,triq sir anthony mamo,night,False,False,False,True,False,True,0,0,0,1,0,1,True,False,True,1,0,1,2,False,False,False,True,True,False,False,0,0,0,1,1,0,0,False,False,True,False,secondary,Central,30.6,25.2,27.1,0.0,22.2,False,LOW,2025,8,4,5
article_491557.0,26/08/2025,2025-08-26 05:10:00,not injured,0,sliema,tower road,night,False,False,False,False,False,True,0,0,0,0,0,1,False,False,True,0,0,1,1,False,False,False,False,True,False,False,0,0,0,0,1,0,0,False,False,True,False,secondary,Northern,30.6,22.5,26.5,0.0,11.1,False,LOW,2025,8,1,5
article_491707.0,27/08/2025,2025-08-26 18:30:00,grievious,2,zebbug,attard road,evening,False,False,True,False,False,False,0,0,2,0,0,0,True,False,False,2,0,0,2,False,False,False,True,True,False,False,0,0,0,1,1,0,0,False,False,True,False,primary,Central,29.5,21.9,25.8,0.0,13.0,False,LOW,2025,8,1,18
article_492115.0,29/08/2025,2025-08-29 15:15:00,grievious,2,marsa,triq emmanuele luigi galizia,afternoon,False,False,True,True,False,False,0,0,1,1,0,0,True,True,False,1,1,0,2,False,False,False,True,True,False,False,0,0,0,1,1,0,0,False,False,True,False,secondary,Southern Harbour,29.9,25.5,27.2,0.0,25.0,False,MODERATE,2025,8,4,15
article_492291.0,31/08/2025,2025-08-31 07:30:00,grievious,1,qormi,triq l-imdina,early_morning,False,False,False,False,True,False,0,0,0,0,1,0,True,False,False,1,0,0,1,True,False,False,False,False,False,False,1,0,0,0,0,0,0,True,False,True,False,trunk,Central,29.1,23.6,26.3,0.0,18.3,False,LOW,2025,8,6,7
article_492806.0,05/09/2025,2025-09-04 18:15:00,serious,2,gzira,triq ix-xatt,evening,False,True,True,False,False,False,0,1,1,0,0,0,True,False,False,2,0,0,2,False,False,False,True,False,False,False,0,0,0,2,0,0,0,False,False,True,False,secondary,Southern Harbour,29.2,22.4,25.9,0.0,10.7,False,MODERATE,2025,9,3,18
article_493044.0,07/09/2025,2025-09-07 13:30:00,serious,2,luqa,triq l-ewwel titjira,afternoon,False,False,True,True,False,False,0,0,1,1,0,0,True,False,False,2,0,0,2,False,False,False,True,True,False,False,0,0,0,1,1,0,0,True,False,True,False,secondary,South Eastern,30.0,21.9,25.6,0.0,10.5,False,LOW,2025,9,6,13
article_493212.0,09/09/2025,2025-09-09 00:00:00,not injured,0,birkirkara,triq notabile,night,False,False,False,False,False,True,0,0,0,0,0,1,False,False,True,0,0,1,1,False,False,False,False,False,True,False,0,0,0,0,0,1,0,False,False,True,False,residential,Central,29.7,22.6,26.2,0.0,16.7,False,LOW,2025,9,1,0
article_493372.0,11/09/2025,2025-09-11 07:30:00,serious,1,msida,triq dun karm,early_morning,False,False,True,False,False,False,0,0,1,0,0,0,True,False,False,1,0,0,1,False,False,False,True,False,False,False,0,0,0,1,0,0,0,False,False,True,False,trunk,Central,31.5,25.4,27.9,0.0,17.1,False,MODERATE,2025,9,3,7
article_493598.0,13/09/2025,2025-09-12 00:00:00,not injured,0,marsa,triq isouard,night,False,False,False,False,False,True,0,0,0,0,0,1,True,False,False,1,0,0,1,False,False,False,False,True,False,False,0,0,0,0,1,0,0,False,False,True,False,residential,Southern Harbour,26.4,25.4,25.8,0.0,33.7,False,LOW,2025,9,4,0
article_493664.0,14/09/2025,2025-09-13 00:00:00,serious,1,paola,triq il-perit dom mintoff,night,False,False,False,True,False,False,0,0,0,1,0,0,True,False,False,1,0,0,1,False,False,False,False,True,False,False,0,0,0,0,1,0,0,True,False,True,False,residential,Southern Harbour,29.5,24.1,26.6,0.8,10.5,True,LOW,2025,9,5,0
article_493670.5,14/09/2025,2025-09-13 13:30:00,serious,2,msida,triq mikiel anton vassalli,afternoon,False,True,True,False,False,False,0,1,1,0,0,0,True,False,False,2,0,0,2,False,False,False,True,True,False,False,0,0,0,1,1,0,0,True,False,True,False,trunk,Central,29.5,24.1,26.6,0.8,10.5,True,MODERATE,2025,9,5,13
release_20,14/09/2025,2025-09-13 21:00:00,serious,1,paola,triq il-perit dom mintoff,evening,False,False,False,True,False,False,0,0,0,1,0,0,True,False,False,1,0,0,1,False,False,False,False,True,False,False,0,0,0,0,1,0,0,True,False,True,False,residential,Southern Harbour,29.5,24.1,26.6,0.8,10.5,True,LOW,2025,9,5,21
article_493670.0,14/09/2025,2025-09-13 23:00:00,not injured,1,san pawl il bahar,st paul's roundabout,late_evening,False,False,False,False,True,False,0,0,0,0,1,0,True,False,False,1,0,0,1,False,False,False,False,True,False,False,0,0,0,0,1,0,0,True,False,True,False,other,Northern,29.9,23.5,26.2,0.0,13.3,False,LOW,2025,9,5,23
article_493702.0,14/09/2025,2025-09-14 13:30:00,grievious,2,zabbar,triq bajada,afternoon,True,False,False,True,False,False,1,0,0,1,0,0,True,False,False,2,0,0,2,False,False,True,True,False,False,False,0,0,1,1,0,0,0,True,False,True,False,residential,Southern Harbour,29.3,23.0,25.9,0.0,10.9,False,LOW,2025,9,6,13
article_493898.0,16/09/2025,2025-09-16 12:15:00,serious,1,victoria,republic street,afternoon,False,False,True,False,True,False,0,0,1,0,1,0,False,True,False,0,2,0,2,False,True,False,False,True,False,False,0,1,0,0,1,0,0,False,False,True,False,primary,Gozo,26.0,24.9,25.3,0.0,15.5,False,MODERATE,2025,9,1,12
release_36,16/09/2025,2025-09-16 19:30:00,grievious,1,san pawl il bahar,triq san pawl,evening,False,False,True,False,False,False,0,0,2,0,0,0,True,True,False,1,1,0,2,False,False,False,True,False,False,False,0,0,0,2,0,0,0,False,False,True,False,tertiary,Northern,29.4,22.7,25.8,0.0,9.7,False,LOW,2025,9,1,19
release_30,17/09/2025,2025-09-16 23:30:00,serious,1,zabbar,triq il-mina ta hompesch,night,False,False,True,False,False,False,0,0,1,0,0,0,True,False,False,1,0,0,1,False,False,False,False,True,False,False,0,0,0,0,1,0,0,False,False,True,False,primary,Southern Harbour,30.2,22.6,26.2,0.0,8.7,False,LOW,2025,9,1,23
article_494209.0,19/09/2025,2025-09-18 20:45:00,serious,2,bormla,triq san gwann t'ghuxa,evening,False,False,True,True,False,False,0,0,1,1,0,0,True,False,False,2,0,0,2,False,False,False,True,True,False,False,0,0,0,1,1,0,0,False,False,True,False,secondary,Southern Harbour,28.9,24.6,26.6,0.5,20.4,True,LOW,2025,9,3,20
release_82,20/09/2025,2025-09-20 13:30:00,grievious,2,gharb,triq l-gharb,afternoon,False,False,True,False,False,False,0,0,2,0,0,0,True,False,False,2,0,0,2,False,False,False,True,False,False,False,0,0,0,2,0,0,0,True,False,True,False,primary,Gozo,25.4,24.8,25.1,0.0,28.3,False,LOW,2025,9,5,13
article_494438.0,21/09/2025,2025-09-21 08:30:00,serious,1,pieta,sa maison street,morning,False,False,False,False,True,False,0,0,0,0,2,0,True,True,False,1,1,0,2,False,True,False,False,True,False,False,0,1,0,0,1,0,0,True,True,True,False,primary,Southern Harbour,28.0,21.8,24.9,0.0,12.1,False,LOW,2025,9,6,8
article_494571.0,23/09/2025,2025-09-22 19:00:00,serious,2,san gwann,bella vista street,evening,False,False,True,False,False,True,0,0,1,0,0,1,False,False,True,0,0,2,2,False,False,False,True,True,False,False,0,0,0,1,1,0,0,False,False,True,False,secondary,Central,28.5,20.8,24.6,0.0,9.2,False,LOW,2025,9,0,19
release_39,24/09/2025,2025-09-24 08:00:00,grievious,1,zebbug,triq marsalforn,early_morning,False,False,False,False,True,False,0,0,0,0,1,0,True,False,False,1,0,0,1,False,False,False,False,True,False,False,0,0,0,0,1,0,0,False,False,False,True,primary,Central,25.8,22.2,24.8,11.8,24.9,True,LOW,2025,9,2,8
release_66,25/09/2025,2025-09-25 14:15:00,grievious,1,victoria,republic street,afternoon,False,False,False,True,False,False,0,0,0,1,0,0,True,False,False,1,0,0,1,False,False,False,True,False,False,False,0,0,0,1,0,0,0,False,False,False,True,primary,Gozo,25.4,24.0,24.7,0.0,24.4,False,MODERATE,2025,9,3,14
article_494910.0,26/09/2025,2025-09-25 18:00:00,grievious,2,marsascala,triq sant antnin,afternoon,False,False,True,False,False,False,0,0,2,0,0,0,True,True,False,1,1,0,2,False,False,False,True,True,False,False,0,0,0,1,1,0,0,False,False,False,True,secondary,South Eastern,27.0,23.0,24.6,0.0,16.2,False,MODERATE,2025,9,3,18
release_92,28/09/2025,2025-09-28 10:00:00,grievious,1,birzebbuga,triq ghar dalam,morning,False,False,False,True,False,False,0,0,0,1,0,0,True,False,False,1,0,0,1,False,False,False,False,False,True,False,0,0,0,0,0,1,0,True,False,False,False,primary,South Eastern,25.3,21.5,23.4,0.4,20.5,True,MODERATE,2025,9,6,10
article_495442.0,02/10/2025,2025-10-02 00:00:00,not injured,0,qormi,mriehel bypass,night,False,False,False,False,False,True,0,0,0,0,0,1,False,False,True,0,0,1,1,False,False,False,False,True,False,False,0,0,0,0,1,0,0,False,False,False,True,trunk,Central,24.0,20.2,22.7,0.1,30.8,True,LOW,2025,10,3,0
release_87,02/10/2025,2025-10-02 05:30:00,grievious,2,qala,triq l-imgarr,night,False,False,True,True,False,False,0,0,1,1,0,0,True,True,False,1,1,0,2,False,False,False,True,True,False,False,0,0,0,1,1,0,0,False,False,False,True,secondary,Gozo,25.1,21.3,23.1,1.7,44.9,True,LOW,2025,10,3,5
release_94,04/10/2025,2025-10-04 08:45:00,grievious,1,st julian,triq sant andrija,morning,False,False,True,False,True,False,0,0,1,0,1,0,True,True,False,1,1,0,2,False,False,False,True,True,False,False,0,0,0,1,1,0,0,True,False,False,False,trunk,Northern,22.6,18.4,20.4,0.0,23.1,False,LOW,2025,10,5,8
release_93,05/10/2025,2025-10-04 14:30:00,grievious,1,siggiewi,triq ta lawrenti,afternoon,False,False,True,False,False,False,0,0,2,0,0,0,True,True,False,1,1,0,2,False,False,False,False,True,False,False,0,0,0,0,2,0,0,True,False,False,False,residential,Central,22.1,18.1,20.1,0.0,26.1,False,LOW,2025,10,5,14
release_28,05/10/2025,2025-10-04 23:00:00,grievious,2,gudja,triq dawret il-gudja,late_evening,False,True,True,True,False,False,0,1,1,1,0,0,True,False,True,2,0,1,3,False,False,False,False,True,False,False,0,0,0,0,3,0,0,True,False,False,False,secondary,South Eastern,22.3,18.2,20.2,0.0,23.1,False,LOW,2025,10,5,23
article_496006.0,07/10/2025,2025-10-05 00:00:00,slight,2,rabat,saqqajja hill roundabout,night,False,False,True,False,False,True,0,0,1,0,0,1,True,False,True,1,0,1,2,False,False,False,True,True,False,False,0,0,0,1,1,0,0,True,False,False,False,other,Central,24.5,18.6,22.2,0.1,24.9,True,LOW,2025,10,6,0
release_52,06/10/2025,2025-10-06 09:30:00,grievious,1,naxxar,triq il-kappella tax-xaghra,morning,False,False,False,False,True,False,0,0,0,0,2,0,True,True,False,1,1,0,2,False,True,False,False,True,False,False,0,1,0,0,1,0,0,False,False,False,True,residential,Northern,23.4,20.0,22.2,0.3,35.9,True,LOW,2025,10,0,9
article_496206.0,09/10/2025,2025-10-09 00:00:00,slight,0,paola,paola roundabout,night,False,False,False,False,False,True,0,0,0,0,0,2,False,False,True,0,0,2,2,False,False,False,False,True,False,False,0,0,0,0,2,0,0,False,False,False,True,other,Southern Harbour,24.3,17.9,21.1,0.0,9.8,False,LOW,2025,10,3,0
article_496202.0,09/10/2025,2025-10-09 09:30:00,serious,2,zurrieq,triq il-belt valletta,morning,False,False,False,True,True,False,0,0,0,1,1,0,True,True,False,1,1,0,2,False,False,False,True,True,False,False,0,0,0,1,1,0,0,False,False,False,True,primary,South Eastern,23.8,17.4,20.6,0.0,9.8,False,LOW,2025,10,3,9
article_496274.0,09/10/2025,2025-10-09 13:00:00,not injured,0,floriana,triq sant anna,afternoon,False,False,False,False,False,True,0,0,0,0,0,1,False,False,True,0,0,1,1,False,False,False,False,True,False,False,0,0,0,0,1,0,0,False,False,False,True,trunk,Southern Harbour,24.5,18.1,21.2,0.0,6.7,False,LOW,2025,10,3,13
article_496362.0,10/10/2025,2025-10-10 09:00:00,serious,2,ghajnsielem,triq l-imgarr,morning,False,False,True,True,True,False,0,0,2,1,1,0,True,False,False,4,0,0,4,False,False,False,True,True,False,False,0,0,0,1,3,0,0,False,False,False,True,secondary,Gozo,22.7,21.3,22.0,0.0,13.8,False,LOW,2025,10,4,9
